{"box_data": [{"position": {"minX": 349.46484375, "minY": 184.83984375, "maxX": 364.34765625, "maxY": 197.87890625}, "class_id": 0, "box_caption": "%s %.3f", "scores": {"class_score": 188.375}, "domain": "pixel"}, {"position": {"minX": 0.59765625, "minY": 461.498046875, "maxX": 9.58984375, "maxY": 478.966796875}, "class_id": 0, "box_caption": "%s %.3f", "scores": {"class_score": 467.0}, "domain": "pixel"}, {"position": {"minX": 457.74609375, "minY": 171.171875, "maxX": 466.64453125, "maxY": 177.0703125}, "class_id": 0, "box_caption": "%s %.3f", "scores": {"class_score": 172.75}, "domain": "pixel"}, {"position": {"minX": 454.93359375, "minY": 170.271484375, "maxX": 465.50390625, "maxY": 177.822265625}, "class_id": 0, "box_caption": "%s %.3f", "scores": {"class_score": 171.75}, "domain": "pixel"}], "class_labels": {"0": "Ant"}}