{"Labels": {"_type": "images/separated", "width": 2000, "height": 2000, "format": "jpg", "count": 2, "filenames": ["media/images/Labels_0_a27e5b7be83e4fa27eb9.jpg", "media/images/Labels_0_994d72671d04c2f13383.jpg"], "captions": ["labels_correlogram.jpg", "labels.jpg"]}, "_timestamp": 1691584055.2673666, "train/box_loss": 0.05249602347612381, "train/obj_loss": 0.007324083708226681, "train/cls_loss": 0.0, "metrics/precision": 0.018747465685009956, "metrics/recall": 0.0003583712677937001, "metrics/mAP_0.5": 0.9064854176344349, "metrics/mAP_0.5:0.95": 0.85995085995086, "val/box_loss": 0.8859351782069975, "val/obj_loss": 0.4220212809001394, "val/cls_loss": 0.06259182095527649, "x/lr0": 0.010006889700889587, "x/lr1": 0.0, "x/lr2": 0.0021825581969037388, "_runtime": 4649.895922660828, "_step": 210, "Bounding Box Debugger/Images": {"_type": "images/separated", "width": 640, "height": 640, "format": "png", "count": 16, "filenames": ["media/images/Bounding Box Debugger/Images_209_2f15fa027beedfece33f.png", "media/images/Bounding Box Debugger/Images_209_09b1a21dfe487da46bd8.png", "media/images/Bounding Box Debugger/Images_209_f0b7e370299196a3fa5b.png", "media/images/Bounding Box Debugger/Images_209_69e8df1fce1786199c63.png", "media/images/Bounding Box Debugger/Images_209_97c10ca51ff1ac251a73.png", "media/images/Bounding Box Debugger/Images_209_ad461760320feff61cb3.png", "media/images/Bounding Box Debugger/Images_209_45d4e9fa9ad0232e2c26.png", "media/images/Bounding Box Debugger/Images_209_d90672cb8d96927d0ec8.png", "media/images/Bounding Box Debugger/Images_209_49e0eb2fe369981e891e.png", "media/images/Bounding Box Debugger/Images_209_ad260f7a8e95f5677889.png", "media/images/Bounding Box Debugger/Images_209_101e240da022ef317dd9.png", "media/images/Bounding Box Debugger/Images_209_feae110c5a595d38714d.png", "media/images/Bounding Box Debugger/Images_209_502b06d1b1d0b5eac299.png", "media/images/Bounding Box Debugger/Images_209_18fd1a6aee451b01b78b.png", "media/images/Bounding Box Debugger/Images_209_36277445ad20a1024a90.png", "media/images/Bounding Box Debugger/Images_209_3a450834ca85e207f2d0.png"], "captions": ["1.png", "10.png", "100.png", "101.png", "102.png", "103.png", "104.png", "105.png", "106.png", "107.png", "108.png", "109.png", "11.png", "110.png", "111.png", "112.png"], "all_boxes": [{"predictions": {"_type": "boxes2D", "sha256": "357fdcde7ff6b5cfe754be17cf8bcb6ca0f12f3c1707fe97f1157f59a2491d6a", "size": 3903, "path": "media/metadata/boxes2D/Bounding Box Debugger/Images_209_357fdcde7ff6b5cfe754.boxes2D.json"}}, {"predictions": {"_type": "boxes2D", "sha256": "7524a5172c12550617387405469c22050d83ff7abcda4d98c518087bc7c783ff", "size": 4667, "path": "media/metadata/boxes2D/Bounding Box Debugger/Images_209_7524a5172c1255061738.boxes2D.json"}}, {"predictions": {"_type": "boxes2D", "sha256": "64d2126e3fb7ff089eb4ce30f02899a869ea85a3899170a5b65092833eed404d", "size": 2750, "path": "media/metadata/boxes2D/Bounding Box Debugger/Images_209_64d2126e3fb7ff089eb4.boxes2D.json"}}, {"predictions": {"_type": "boxes2D", "sha256": "9157bbd013130e6aead78ce6591b247abaeac98a7105e00cd6abc701aba7cd0c", "size": 1799, "path": "media/metadata/boxes2D/Bounding Box Debugger/Images_209_9157bbd013130e6aead7.boxes2D.json"}}, {"predictions": {"_type": "boxes2D", "sha256": "f725e9639ce3aa8e0f0391e0ceec421ecafea17f02116296b577d198fa4034b1", "size": 1011, "path": "media/metadata/boxes2D/Bounding Box Debugger/Images_209_f725e9639ce3aa8e0f03.boxes2D.json"}}, {"predictions": {"_type": "boxes2D", "sha256": "33b5d9936b7cbc580c81e011f19e5e14c58cc1c85a447287befeb4baa7545690", "size": 3321, "path": "media/metadata/boxes2D/Bounding Box Debugger/Images_209_33b5d9936b7cbc580c81.boxes2D.json"}}, {"predictions": {"_type": "boxes2D", "sha256": "66561c6c203bc291dbb10409d164338dbf2731faa18ab8266208edf4f9c15cc0", "size": 2763, "path": "media/metadata/boxes2D/Bounding Box Debugger/Images_209_66561c6c203bc291dbb1.boxes2D.json"}}, {"predictions": {"_type": "boxes2D", "sha256": "57fadd71d580704f20b67101c4fada073343c064c54bacb75526a9ec3b28e07f", "size": 1972, "path": "media/metadata/boxes2D/Bounding Box Debugger/Images_209_57fadd71d580704f20b6.boxes2D.json"}}, {"predictions": {"_type": "boxes2D", "sha256": "d226716d6c62721d55f06eb9fdbff54cbbe9e27bcfc65daea25c79bed14cfb08", "size": 1984, "path": "media/metadata/boxes2D/Bounding Box Debugger/Images_209_d226716d6c62721d55f0.boxes2D.json"}}, {"predictions": {"_type": "boxes2D", "sha256": "54c477028c8f23c2c3542d6a77d1535eeb929857cbfe5943be257704267ce7aa", "size": 2751, "path": "media/metadata/boxes2D/Bounding Box Debugger/Images_209_54c477028c8f23c2c354.boxes2D.json"}}, {"predictions": {"_type": "boxes2D", "sha256": "d1c195b0ccd5023e307d43409e9311e22c8cc11233f076f59139f745afda46de", "size": 4253, "path": "media/metadata/boxes2D/Bounding Box Debugger/Images_209_d1c195b0ccd5023e307d.boxes2D.json"}}, {"predictions": {"_type": "boxes2D", "sha256": "fd9e0dcdbe2221104c6efb0391ef85a59a7d22cba14de0bc8637a7138e1aa9ba", "size": 2352, "path": "media/metadata/boxes2D/Bounding Box Debugger/Images_209_fd9e0dcdbe2221104c6e.boxes2D.json"}}, {"predictions": {"_type": "boxes2D", "sha256": "3158a7f5df963ba986ef6073cabaef32b55eb1e4d8db8879f66e35fc2c1d3fdd", "size": 2119, "path": "media/metadata/boxes2D/Bounding Box Debugger/Images_209_3158a7f5df963ba986ef.boxes2D.json"}}, {"predictions": {"_type": "boxes2D", "sha256": "580beac0da871f2182d6160b36a06abf4272bef134511b575deed020f8a5ca89", "size": 4509, "path": "media/metadata/boxes2D/Bounding Box Debugger/Images_209_580beac0da871f2182d6.boxes2D.json"}}, {"predictions": {"_type": "boxes2D", "sha256": "9c7200b4c258e07a07bbb48283c4663c076534b6cd45c60da26dfc69872a1a34", "size": 1013, "path": "media/metadata/boxes2D/Bounding Box Debugger/Images_209_9c7200b4c258e07a07bb.boxes2D.json"}}, {"predictions": {"_type": "boxes2D", "sha256": "4da686851af216edd4ecdf9d99c6b80ace1c9e766564a70f9093f35a08e76bbd", "size": 3674, "path": "media/metadata/boxes2D/Bounding Box Debugger/Images_209_4da686851af216edd4ec.boxes2D.json"}}]}}