{"Labels": {"_type": "images/separated", "width": 2000, "height": 2000, "format": "jpg", "count": 2, "filenames": ["media/images/Labels_0_a27e5b7be83e4fa27eb9.jpg", "media/images/Labels_0_994d72671d04c2f13383.jpg"], "captions": ["labels_correlogram.jpg", "labels.jpg"]}, "_timestamp": 1691586026.4737515, "train/box_loss": 0.04944256693124771, "train/obj_loss": 0.006754701025784016, "train/cls_loss": 0.0, "metrics/precision": 0.018442628905177116, "metrics/recall": 0.0002678263408597559, "metrics/mAP_0.5": 0.9024707290603055, "metrics/mAP_0.5:0.95": 0.8869778869778869, "val/box_loss": 0.9013757136003218, "val/obj_loss": 0.4231126356043947, "val/cls_loss": 0.06201513484120369, "x/lr0": 0.010326831601560116, "x/lr1": 0.0, "x/lr2": 0.00010108561679951444, "_runtime": 6621.10230755806, "_step": 300, "Bounding Box Debugger/Images": {"_type": "images/separated", "width": 640, "height": 640, "format": "png", "count": 16, "filenames": ["media/images/Bounding Box Debugger/Images_299_2f15fa027beedfece33f.png", "media/images/Bounding Box Debugger/Images_299_09b1a21dfe487da46bd8.png", "media/images/Bounding Box Debugger/Images_299_f0b7e370299196a3fa5b.png", "media/images/Bounding Box Debugger/Images_299_69e8df1fce1786199c63.png", "media/images/Bounding Box Debugger/Images_299_97c10ca51ff1ac251a73.png", "media/images/Bounding Box Debugger/Images_299_ad461760320feff61cb3.png", "media/images/Bounding Box Debugger/Images_299_45d4e9fa9ad0232e2c26.png", "media/images/Bounding Box Debugger/Images_299_d90672cb8d96927d0ec8.png", "media/images/Bounding Box Debugger/Images_299_49e0eb2fe369981e891e.png", "media/images/Bounding Box Debugger/Images_299_ad260f7a8e95f5677889.png", "media/images/Bounding Box Debugger/Images_299_101e240da022ef317dd9.png", "media/images/Bounding Box Debugger/Images_299_feae110c5a595d38714d.png", "media/images/Bounding Box Debugger/Images_299_502b06d1b1d0b5eac299.png", "media/images/Bounding Box Debugger/Images_299_18fd1a6aee451b01b78b.png", "media/images/Bounding Box Debugger/Images_299_36277445ad20a1024a90.png", "media/images/Bounding Box Debugger/Images_299_3a450834ca85e207f2d0.png"], "captions": ["1.png", "10.png", "100.png", "101.png", "102.png", "103.png", "104.png", "105.png", "106.png", "107.png", "108.png", "109.png", "11.png", "110.png", "111.png", "112.png"], "all_boxes": [{"predictions": {"_type": "boxes2D", "sha256": "de0dfe5b8a0387f890cd8b3223dbbfa072321e4524c8b1dd4b4792e3ca72012d", "size": 2965, "path": "media/metadata/boxes2D/Bounding Box Debugger/Images_299_de0dfe5b8a0387f890cd.boxes2D.json"}}, {"predictions": {"_type": "boxes2D", "sha256": "fc253c37528c2e24af655ef0531ec1f8f06fdc25bb78edccd0602d80e723fb62", "size": 5033, "path": "media/metadata/boxes2D/Bounding Box Debugger/Images_299_fc253c37528c2e24af65.boxes2D.json"}}, {"predictions": {"_type": "boxes2D", "sha256": "66a4773e91ebbdfcedc4f9c4c0df866266022da251601302c4e96907f7ad8fc3", "size": 2768, "path": "media/metadata/boxes2D/Bounding Box Debugger/Images_299_66a4773e91ebbdfcedc4.boxes2D.json"}}, {"predictions": {"_type": "boxes2D", "sha256": "7a043295127e3eb1f7f60643343010fc50d79d1338b71b220ee94d324ed726c3", "size": 2346, "path": "media/metadata/boxes2D/Bounding Box Debugger/Images_299_7a043295127e3eb1f7f6.boxes2D.json"}}, {"predictions": {"_type": "boxes2D", "sha256": "917b68f9b3e01dd3c7e05e85819fe94913d15a1b2df46c466ead494a27cd6ba6", "size": 1392, "path": "media/metadata/boxes2D/Bounding Box Debugger/Images_299_917b68f9b3e01dd3c7e0.boxes2D.json"}}, {"predictions": {"_type": "boxes2D", "sha256": "cb4f59f9c45bfc9a6d77a0cfe673488930cc92e0d763054a16eff572ef79f1bd", "size": 3137, "path": "media/metadata/boxes2D/Bounding Box Debugger/Images_299_cb4f59f9c45bfc9a6d77.boxes2D.json"}}, {"predictions": {"_type": "boxes2D", "sha256": "fbeef7ae9a77ac16a3b5e6950e933cedb94f491f25b1fc5392e94acb1108d64b", "size": 1990, "path": "media/metadata/boxes2D/Bounding Box Debugger/Images_299_fbeef7ae9a77ac16a3b5.boxes2D.json"}}, {"predictions": {"_type": "boxes2D", "sha256": "1a878bc1a2e2f40806cea49a0a2b55cce084f33d01a95267010d13bc620093ec", "size": 2356, "path": "media/metadata/boxes2D/Bounding Box Debugger/Images_299_1a878bc1a2e2f40806ce.boxes2D.json"}}, {"predictions": {"_type": "boxes2D", "sha256": "757624f12222335d353fdc497968ce8211b8853c67c94382e0773c4bafea3702", "size": 1374, "path": "media/metadata/boxes2D/Bounding Box Debugger/Images_299_757624f12222335d353f.boxes2D.json"}}, {"predictions": {"_type": "boxes2D", "sha256": "f8e919bdd5dd6b6ee50e2b00999b1447af98d00cdf9f8fcbe4501a13a590b8df", "size": 2364, "path": "media/metadata/boxes2D/Bounding Box Debugger/Images_299_f8e919bdd5dd6b6ee50e.boxes2D.json"}}, {"predictions": {"_type": "boxes2D", "sha256": "4688661f14f96a211f6d95b3f771ab91d8bcd4d0f05761e6532e1e868bfb4349", "size": 3883, "path": "media/metadata/boxes2D/Bounding Box Debugger/Images_299_4688661f14f96a211f6d.boxes2D.json"}}, {"predictions": {"_type": "boxes2D", "sha256": "1a960b80df07453a70ff230d08df516d779779e377a4d728ec7e35a5de46aeb3", "size": 1394, "path": "media/metadata/boxes2D/Bounding Box Debugger/Images_299_1a960b80df07453a70ff.boxes2D.json"}}, {"predictions": {"_type": "boxes2D", "sha256": "95a9d865fe831df7fbe29e169cb1363c6fa8a35f2eb91c83a280ffc12d15857a", "size": 1592, "path": "media/metadata/boxes2D/Bounding Box Debugger/Images_299_95a9d865fe831df7fbe2.boxes2D.json"}}, {"predictions": {"_type": "boxes2D", "sha256": "b6abc2a6dc180ed125053a414185c8a600346e4166850471f4b0e060afe01924", "size": 4297, "path": "media/metadata/boxes2D/Bounding Box Debugger/Images_299_b6abc2a6dc180ed12505.boxes2D.json"}}, {"predictions": {"_type": "boxes2D", "sha256": "fc7de255272986a551138803a4d13cf56b398c1e40ddf6327364e0ba5858cef0", "size": 998, "path": "media/metadata/boxes2D/Bounding Box Debugger/Images_299_fc7de255272986a55113.boxes2D.json"}}, {"predictions": {"_type": "boxes2D", "sha256": "237a31bcb86554c98d321da1a689f42014f92e0b90651da3e53e7c08497ee7e8", "size": 2744, "path": "media/metadata/boxes2D/Bounding Box Debugger/Images_299_237a31bcb86554c98d32.boxes2D.json"}}]}, "Validation": [], "Results": {"_type": "images/separated", "width": 3000, "height": 1200, "format": "png", "count": 6, "filenames": ["media/images/Results_300_3d5c8e9f43aaeb4330a2.png", "media/images/Results_300_f52fa5cb273493c85b3e.png", "media/images/Results_300_af1b56d5f56256cd4f11.png", "media/images/Results_300_8cecf49de6922f6fa6fe.png", "media/images/Results_300_282559c14f4534217b0f.png", "media/images/Results_300_612fa5f9a6041ec2e739.png"], "captions": ["results.png", "confusion_matrix.png", "F1_curve.png", "PR_curve.png", "P_curve.png", "R_curve.png"]}, "_wandb": {"runtime": 6619}}