{"Labels": {"_type": "images/separated", "width": 2000, "height": 2000, "format": "jpg", "count": 2, "filenames": ["media/images/Labels_0_a27e5b7be83e4fa27eb9.jpg", "media/images/Labels_0_994d72671d04c2f13383.jpg"], "captions": ["labels_correlogram.jpg", "labels.jpg"]}, "_timestamp": 1693990208.5113752, "train/box_loss": 0.047727908939123154, "train/obj_loss": 0.006120589561760426, "train/cls_loss": 0.0, "metrics/precision": 0.01808771677315235, "metrics/recall": 0.0002758443297352642, "metrics/mAP_0.5": 0.910928387141326, "metrics/mAP_0.5:0.95": 0.8894348894348895, "val/box_loss": 0.8998743827708013, "val/obj_loss": 0.40971407861511644, "val/cls_loss": 0.0618075355887413, "x/lr0": 0.010743902996182442, "x/lr1": 0.0, "x/lr2": 0.00010976769428005628, "_runtime": 2252.680805206299, "_step": 100, "Bounding Box Debugger/Images": {"_type": "images/separated", "width": 640, "height": 640, "format": "png", "count": 16, "filenames": ["media/images/Bounding Box Debugger/Images_99_feae110c5a595d38714d.png", "media/images/Bounding Box Debugger/Images_99_2eddc896d8e2f91355e6.png", "media/images/Bounding Box Debugger/Images_99_5f4c16695530e21e20ff.png", "media/images/Bounding Box Debugger/Images_99_eecde54e3233699478db.png", "media/images/Bounding Box Debugger/Images_99_de24e7f4a80ca117a70b.png", "media/images/Bounding Box Debugger/Images_99_2a2f50d622ecdf136c06.png", "media/images/Bounding Box Debugger/Images_99_69bc489dccc6a95ad451.png", "media/images/Bounding Box Debugger/Images_99_453315161a5e0b694f82.png", "media/images/Bounding Box Debugger/Images_99_7eb78d31df4f20a7832f.png", "media/images/Bounding Box Debugger/Images_99_98bc44b162a24cdb2be2.png", "media/images/Bounding Box Debugger/Images_99_c1e730b63e8073083873.png", "media/images/Bounding Box Debugger/Images_99_a234a9091c6cf1458275.png", "media/images/Bounding Box Debugger/Images_99_2141133f7eeaf8bc162f.png", "media/images/Bounding Box Debugger/Images_99_97c10ca51ff1ac251a73.png", "media/images/Bounding Box Debugger/Images_99_3a450834ca85e207f2d0.png", "media/images/Bounding Box Debugger/Images_99_9dec757445fae3dd510b.png"], "captions": ["109.png", "14.png", "73.png", "68.png", "16.png", "52.png", "113.png", "23.png", "47.png", "56.png", "40.png", "117.png", "79.png", "102.png", "112.png", "27.png"], "all_boxes": [{"predictions": {"_type": "boxes2D", "sha256": "a945db712600ba01109c8767db4012bf0f83cd7f10364bfd88f774f33e4a0059", "size": 1008, "path": "media/metadata/boxes2D/Bounding Box Debugger/Images_99_a945db712600ba01109c.boxes2D.json"}}, {"predictions": {"_type": "boxes2D", "sha256": "603cafa31118a3993c3df9e3bca6a135fa4d178cb9c65ffeeeef96e09407ac80", "size": 4448, "path": "media/metadata/boxes2D/Bounding Box Debugger/Images_99_603cafa31118a3993c3d.boxes2D.json"}}, {"predictions": {"_type": "boxes2D", "sha256": "7de14c1d7949cbc0083ce86724c2105c12be2883cbc4ec0b39d24dce5ed42942", "size": 5287, "path": "media/metadata/boxes2D/Bounding Box Debugger/Images_99_7de14c1d7949cbc0083c.boxes2D.json"}}, {"predictions": {"_type": "boxes2D", "sha256": "b922bc0195102c4e034356f27f03ab9f929b23d7d3548bf57f309bdd29f2efd6", "size": 813, "path": "media/metadata/boxes2D/Bounding Box Debugger/Images_99_b922bc0195102c4e0343.boxes2D.json"}}, {"predictions": {"_type": "boxes2D", "sha256": "77a4f20e4e87b97b83e28e74cd783f35075016b70058204d5b9fbbbb7ba72e48", "size": 1774, "path": "media/metadata/boxes2D/Bounding Box Debugger/Images_99_77a4f20e4e87b97b83e2.boxes2D.json"}}, {"predictions": {"_type": "boxes2D", "sha256": "470f15e90c650e286928359c171ee238fd648e4ddbe7d39da0c87858bc17a54d", "size": 1973, "path": "media/metadata/boxes2D/Bounding Box Debugger/Images_99_470f15e90c650e286928.boxes2D.json"}}, {"predictions": {"_type": "boxes2D", "sha256": "a740010eca2f28e3ceea2b08fbed6480f0c1271bbedf0be396995c4386a3e049", "size": 1580, "path": "media/metadata/boxes2D/Bounding Box Debugger/Images_99_a740010eca2f28e3ceea.boxes2D.json"}}, {"predictions": {"_type": "boxes2D", "sha256": "6478c6a23f931c8f1f44566a2c786b8ae3607fedd38ea7df825f5fb858c391d4", "size": 809, "path": "media/metadata/boxes2D/Bounding Box Debugger/Images_99_6478c6a23f931c8f1f44.boxes2D.json"}}, {"predictions": {"_type": "boxes2D", "sha256": "5cc26d665f49a5d396e12e1c41406118127a908e651698a0c6656d6ccff9df64", "size": 1193, "path": "media/metadata/boxes2D/Bounding Box Debugger/Images_99_5cc26d665f49a5d396e1.boxes2D.json"}}, {"predictions": {"_type": "boxes2D", "sha256": "9ac44a8dbd60eb5401b3de3469e6dccf238a90924750b4419bec8cccf22e7785", "size": 3736, "path": "media/metadata/boxes2D/Bounding Box Debugger/Images_99_9ac44a8dbd60eb5401b3.boxes2D.json"}}, {"predictions": {"_type": "boxes2D", "sha256": "5ea6f1b53f002a0d0117e4edfe7d7a677fcc16857884cd6d12c73daf34b35278", "size": 2932, "path": "media/metadata/boxes2D/Bounding Box Debugger/Images_99_5ea6f1b53f002a0d0117.boxes2D.json"}}, {"predictions": {"_type": "boxes2D", "sha256": "c7581360b3b9ce4607890e30da3a2cce7634a48c7b4322515158e52828c31b5c", "size": 3130, "path": "media/metadata/boxes2D/Bounding Box Debugger/Images_99_c7581360b3b9ce460789.boxes2D.json"}}, {"predictions": {"_type": "boxes2D", "sha256": "43efc51c94b0d8c0613f35ac176ff96e502df562ea1f43b6898864ca522fda7e", "size": 2197, "path": "media/metadata/boxes2D/Bounding Box Debugger/Images_99_43efc51c94b0d8c0613f.boxes2D.json"}}, {"predictions": {"_type": "boxes2D", "sha256": "81713794ed138bb5fb8e2dbdcf8a4b78bf83a038dff4869e87bb9b5389f5a12c", "size": 1009, "path": "media/metadata/boxes2D/Bounding Box Debugger/Images_99_81713794ed138bb5fb8e.boxes2D.json"}}, {"predictions": {"_type": "boxes2D", "sha256": "4e8ce90fbdfe5ba6c5ea249b495b6ed19105e2fe3ea8541aa39f045dcd4b4e82", "size": 2152, "path": "media/metadata/boxes2D/Bounding Box Debugger/Images_99_4e8ce90fbdfe5ba6c5ea.boxes2D.json"}}, {"predictions": {"_type": "boxes2D", "sha256": "87775f551cdc19fe3c102e977a520ec706b0af9d87092c30dad3c5c3fc48c69b", "size": 1798, "path": "media/metadata/boxes2D/Bounding Box Debugger/Images_99_87775f551cdc19fe3c10.boxes2D.json"}}]}, "Validation": [], "Results": {"_type": "images/separated", "width": 3000, "height": 1200, "format": "png", "count": 6, "filenames": ["media/images/Results_100_3476130411dbb5bcf5a6.png", "media/images/Results_100_f52fa5cb273493c85b3e.png", "media/images/Results_100_ec41ab91ce5bf08260bb.png", "media/images/Results_100_65b2b01d82cafcd482f4.png", "media/images/Results_100_eb39fc335628ebf9ae59.png", "media/images/Results_100_34a97d189d076dada327.png"], "captions": ["results.png", "confusion_matrix.png", "F1_curve.png", "PR_curve.png", "P_curve.png", "R_curve.png"]}, "_wandb": {"runtime": 2251}}