{"Labels": {"_type": "images/separated", "width": 2000, "height": 2000, "format": "jpg", "count": 2, "filenames": ["media/images/Labels_0_a27e5b7be83e4fa27eb9.jpg", "media/images/Labels_0_994d72671d04c2f13383.jpg"], "captions": ["labels_correlogram.jpg", "labels.jpg"]}, "_timestamp": 1693832289.2086384, "train/box_loss": 0.1548047810792923, "train/obj_loss": 0.048875484615564346, "train/cls_loss": 0.0, "metrics/precision": 0.5747708678245544, "metrics/recall": 0.009840156883001328, "metrics/mAP_0.5": 0.00047911731114383876, "metrics/mAP_0.5:0.95": 0.004914004914004914, "val/box_loss": 7.692078531949885e-06, "val/obj_loss": 2.9257993995321667e-06, "val/cls_loss": 0.17382723093032837, "x/lr0": 0.04130741208791733, "x/lr1": 0.0, "x/lr2": 0.007015882058642163, "_runtime": 868.2759394645691, "_step": 38, "Bounding Box Debugger/Images": {"_type": "images/separated", "width": 640, "height": 640, "format": "png", "count": 16, "filenames": ["media/images/Bounding Box Debugger/Images_29_2f15fa027beedfece33f.png", "media/images/Bounding Box Debugger/Images_29_09b1a21dfe487da46bd8.png", "media/images/Bounding Box Debugger/Images_29_f0b7e370299196a3fa5b.png", "media/images/Bounding Box Debugger/Images_29_69e8df1fce1786199c63.png", "media/images/Bounding Box Debugger/Images_29_97c10ca51ff1ac251a73.png", "media/images/Bounding Box Debugger/Images_29_ad461760320feff61cb3.png", "media/images/Bounding Box Debugger/Images_29_45d4e9fa9ad0232e2c26.png", "media/images/Bounding Box Debugger/Images_29_d90672cb8d96927d0ec8.png", "media/images/Bounding Box Debugger/Images_29_49e0eb2fe369981e891e.png", "media/images/Bounding Box Debugger/Images_29_ad260f7a8e95f5677889.png", "media/images/Bounding Box Debugger/Images_29_101e240da022ef317dd9.png", "media/images/Bounding Box Debugger/Images_29_feae110c5a595d38714d.png", "media/images/Bounding Box Debugger/Images_29_502b06d1b1d0b5eac299.png", "media/images/Bounding Box Debugger/Images_29_18fd1a6aee451b01b78b.png", "media/images/Bounding Box Debugger/Images_29_36277445ad20a1024a90.png", "media/images/Bounding Box Debugger/Images_29_3a450834ca85e207f2d0.png"], "captions": ["1.png", "10.png", "100.png", "101.png", "102.png", "103.png", "104.png", "105.png", "106.png", "107.png", "108.png", "109.png", "11.png", "110.png", "111.png", "112.png"], "all_boxes": [{"predictions": {"_type": "boxes2D", "sha256": "c57580906663ea806b17b7fe9f30a1c576da97e9de2f5a4cf7b5004853be0d1b", "size": 40970, "path": "media/metadata/boxes2D/Bounding Box Debugger/Images_29_c57580906663ea806b17.boxes2D.json"}}, {"predictions": {"_type": "boxes2D", "sha256": "43ecd8e2974af83773fe02f8ef06b9d9ecdeeea7d3c75126020339f3b9b63c54", "size": 22503, "path": "media/metadata/boxes2D/Bounding Box Debugger/Images_29_43ecd8e2974af83773fe.boxes2D.json"}}, {"predictions": {"_type": "boxes2D", "sha256": "719f429f3c4d51622e7fc4c1cfcef0949464e8db73df1c8a10d192d5f43b63e7", "size": 18676, "path": "media/metadata/boxes2D/Bounding Box Debugger/Images_29_719f429f3c4d51622e7f.boxes2D.json"}}, {"predictions": {"_type": "boxes2D", "sha256": "7f4685632d8742faeee90b999146ed2d69bfd6fb0d29e403ce023e7525191984", "size": 19960, "path": "media/metadata/boxes2D/Bounding Box Debugger/Images_29_7f4685632d8742faeee9.boxes2D.json"}}, {"predictions": {"_type": "boxes2D", "sha256": "3593d50e1c1faaa48967d2638028f146fd437fd9e77738e2758a7cccc8556fe0", "size": 30777, "path": "media/metadata/boxes2D/Bounding Box Debugger/Images_29_3593d50e1c1faaa48967.boxes2D.json"}}, {"predictions": {"_type": "boxes2D", "sha256": "ce4538370b60ebfd1ca229d794b63d0e9fa9397ebc07f51c5979ac8fc8ec5a8d", "size": 18638, "path": "media/metadata/boxes2D/Bounding Box Debugger/Images_29_ce4538370b60ebfd1ca2.boxes2D.json"}}, {"predictions": {"_type": "boxes2D", "sha256": "e7fcb17be8de615cb4da82a36ff48aae5ca2af9719b849c4357a7d8a38807ce0", "size": 57418, "path": "media/metadata/boxes2D/Bounding Box Debugger/Images_29_e7fcb17be8de615cb4da.boxes2D.json"}}, {"predictions": {"_type": "boxes2D", "sha256": "00f34af574f507eb54c27e0f43cd6dde39a049c4a464fcda11a4bddab10c8960", "size": 16508, "path": "media/metadata/boxes2D/Bounding Box Debugger/Images_29_00f34af574f507eb54c2.boxes2D.json"}}, {"predictions": {"_type": "boxes2D", "sha256": "a03d758ddcef3b0e440a19468ce93ad67aefb38c1a464274d9b4ba55de757825", "size": 29187, "path": "media/metadata/boxes2D/Bounding Box Debugger/Images_29_a03d758ddcef3b0e440a.boxes2D.json"}}, {"predictions": {"_type": "boxes2D", "sha256": "f2bd185f4bcac7b71b9ce9b198cb4101348a63ef85e598e4fce94fdf184ad067", "size": 17681, "path": "media/metadata/boxes2D/Bounding Box Debugger/Images_29_f2bd185f4bcac7b71b9c.boxes2D.json"}}, {"predictions": {"_type": "boxes2D", "sha256": "d5054bba8fec170c1bd22cb8e59c44eed5bdd9705eb42bb73c8bc7d685f74f7b", "size": 37065, "path": "media/metadata/boxes2D/Bounding Box Debugger/Images_29_d5054bba8fec170c1bd2.boxes2D.json"}}, {"predictions": {"_type": "boxes2D", "sha256": "db312939ca4a0f96ac2a913d8b9a84cbd0986830a7c3908375facdc253452725", "size": 39744, "path": "media/metadata/boxes2D/Bounding Box Debugger/Images_29_db312939ca4a0f96ac2a.boxes2D.json"}}, {"predictions": {"_type": "boxes2D", "sha256": "0383dfe5cf56040d935f4be97a160bc8a7e44f26dc01606eb235baa5249087b5", "size": 23488, "path": "media/metadata/boxes2D/Bounding Box Debugger/Images_29_0383dfe5cf56040d935f.boxes2D.json"}}, {"predictions": {"_type": "boxes2D", "sha256": "2033f943b1e3322e1076bf36bfa39f183beaa198c827617b9a49b643bc4cc579", "size": 18013, "path": "media/metadata/boxes2D/Bounding Box Debugger/Images_29_2033f943b1e3322e1076.boxes2D.json"}}, {"predictions": {"_type": "boxes2D", "sha256": "f86548541701a861a35a69f51a6207b4e16f6f39ae4a260b4c56221b801b22ec", "size": 17362, "path": "media/metadata/boxes2D/Bounding Box Debugger/Images_29_f86548541701a861a35a.boxes2D.json"}}, {"predictions": {"_type": "boxes2D", "sha256": "2e59802261975fb2600018f716c8a6e5a6da6826c20cb9421e3264365de32a93", "size": 37535, "path": "media/metadata/boxes2D/Bounding Box Debugger/Images_29_2e59802261975fb26000.boxes2D.json"}}]}, "_wandb": {"runtime": 889}}