{"box_data": [{"position": {"minX": 225.2421875, "minY": 268.34765625, "maxX": 246.6953125, "maxY": 281.76171875}, "class_id": 1, "box_caption": "%s %.3f", "scores": {"class_score": 276.0}, "domain": "pixel"}, {"position": {"minX": 0.2890625, "minY": 459.166015625, "maxX": 8.8671875, "maxY": 481.572265625}, "class_id": 0, "box_caption": "%s %.3f", "scores": {"class_score": 470.5}, "domain": "pixel"}, {"position": {"minX": 457.32421875, "minY": 171.59375, "maxX": 466.94140625, "maxY": 177.1171875}, "class_id": 0, "box_caption": "%s %.3f", "scores": {"class_score": 173.125}, "domain": "pixel"}], "class_labels": {"0": "Ant"}}