{"box_data": [{"position": {"minX": 225.7578125, "minY": 268.453125, "maxX": 246.6484375, "maxY": 281.90625}, "class_id": 0, "box_caption": "%s %.3f", "scores": {"class_score": 276.0}, "domain": "pixel"}, {"position": {"minX": 0.4453125, "minY": 458.486328125, "maxX": 9.6015625, "maxY": 482.205078125}, "class_id": 0, "box_caption": "%s %.3f", "scores": {"class_score": 471.0}, "domain": "pixel"}, {"position": {"minX": 457.70703125, "minY": 171.69921875, "maxX": 466.82421875, "maxY": 177.14453125}, "class_id": 0, "box_caption": "%s %.3f", "scores": {"class_score": 173.125}, "domain": "pixel"}, {"position": {"minX": 386.875, "minY": 139.568359375, "maxX": 396.703125, "maxY": 144.619140625}, "class_id": 0, "box_caption": "%s %.3f", "scores": {"class_score": 142.75}, "domain": "pixel"}], "class_labels": {"0": "Ant"}}