{"box_data": [{"position": {"minX": 423.291015625, "minY": 270.55078125, "maxX": 438.587890625, "maxY": 283.24609375}, "class_id": 0, "box_caption": "%s %.3f", "scores": {"class_score": 278.75}, "domain": "pixel"}, {"position": {"minX": 0.08984375, "minY": 461.640625, "maxX": 7.97265625, "maxY": 479.171875}, "class_id": 0, "box_caption": "%s %.3f", "scores": {"class_score": 470.5}, "domain": "pixel"}, {"position": {"minX": 434.5703125, "minY": 256.26171875, "maxX": 456.2421875, "maxY": 272.11328125}, "class_id": 0, "box_caption": "%s %.3f", "scores": {"class_score": 261.5}, "domain": "pixel"}, {"position": {"minX": 0.462890625, "minY": 463.8125, "maxX": 11.455078125, "maxY": 480.609375}, "class_id": 0, "box_caption": "%s %.3f", "scores": {"class_score": 470.5}, "domain": "pixel"}], "class_labels": {"0": "Ant"}}