{"box_data": [{"position": {"minX": 225.19921875, "minY": 268.37109375, "maxX": 246.74609375, "maxY": 281.84765625}, "class_id": 1, "box_caption": "%s %.3f", "scores": {"class_score": 276.0}, "domain": "pixel"}, {"position": {"minX": 0.16796875, "minY": 459.216796875, "maxX": 9.12890625, "maxY": 481.576171875}, "class_id": 0, "box_caption": "%s %.3f", "scores": {"class_score": 470.75}, "domain": "pixel"}, {"position": {"minX": 457.15625, "minY": 171.61328125, "maxX": 466.96875, "maxY": 177.04296875}, "class_id": 0, "box_caption": "%s %.3f", "scores": {"class_score": 173.125}, "domain": "pixel"}], "class_labels": {"0": "Ant"}}