{"box_data": [{"position": {"minX": 225.21484375, "minY": 268.52734375, "maxX": 246.73046875, "maxY": 281.62890625}, "class_id": 0, "box_caption": "%s %.3f", "scores": {"class_score": 275.75}, "domain": "pixel"}, {"position": {"minX": 456.5390625, "minY": 172.59375, "maxX": 466.9296875, "maxY": 176.90234375}, "class_id": 0, "box_caption": "%s %.3f", "scores": {"class_score": 173.625}, "domain": "pixel"}, {"position": {"minX": -0.1484375, "minY": 458.416015625, "maxX": 9.9765625, "maxY": 481.212890625}, "class_id": 0, "box_caption": "%s %.3f", "scores": {"class_score": 467.75}, "domain": "pixel"}, {"position": {"minX": 227.0390625, "minY": 264.0546875, "maxX": 247.1171875, "maxY": 277.6953125}, "class_id": 0, "box_caption": "%s %.3f", "scores": {"class_score": 270.5}, "domain": "pixel"}], "class_labels": {"0": "Ant"}}