{"Labels": {"_type": "images/separated", "width": 2000, "height": 2000, "format": "jpg", "count": 2, "filenames": ["media/images/Labels_0_a27e5b7be83e4fa27eb9.jpg", "media/images/Labels_0_994d72671d04c2f13383.jpg"], "captions": ["labels_correlogram.jpg", "labels.jpg"]}, "_timestamp": 1693831303.705829, "train/box_loss": 0.049370501190423965, "train/obj_loss": 0.006701634731143713, "train/cls_loss": 0.0, "metrics/precision": 0.018464181572198868, "metrics/recall": 0.0002633130643516779, "metrics/mAP_0.5": 0.9200391213268784, "metrics/mAP_0.5:0.95": 0.8763885473534717, "val/box_loss": 0.8886575551040934, "val/obj_loss": 0.41268275881033745, "val/cls_loss": 0.06179641932249069, "x/lr0": 0.010535920038819313, "x/lr1": 0.0, "x/lr2": 0.00010108561679951444, "_runtime": 6690.901590824127, "_step": 300, "Bounding Box Debugger/Images": {"_type": "images/separated", "width": 640, "height": 640, "format": "png", "count": 16, "filenames": ["media/images/Bounding Box Debugger/Images_299_2f15fa027beedfece33f.png", "media/images/Bounding Box Debugger/Images_299_09b1a21dfe487da46bd8.png", "media/images/Bounding Box Debugger/Images_299_f0b7e370299196a3fa5b.png", "media/images/Bounding Box Debugger/Images_299_69e8df1fce1786199c63.png", "media/images/Bounding Box Debugger/Images_299_97c10ca51ff1ac251a73.png", "media/images/Bounding Box Debugger/Images_299_ad461760320feff61cb3.png", "media/images/Bounding Box Debugger/Images_299_45d4e9fa9ad0232e2c26.png", "media/images/Bounding Box Debugger/Images_299_d90672cb8d96927d0ec8.png", "media/images/Bounding Box Debugger/Images_299_49e0eb2fe369981e891e.png", "media/images/Bounding Box Debugger/Images_299_ad260f7a8e95f5677889.png", "media/images/Bounding Box Debugger/Images_299_101e240da022ef317dd9.png", "media/images/Bounding Box Debugger/Images_299_feae110c5a595d38714d.png", "media/images/Bounding Box Debugger/Images_299_502b06d1b1d0b5eac299.png", "media/images/Bounding Box Debugger/Images_299_18fd1a6aee451b01b78b.png", "media/images/Bounding Box Debugger/Images_299_36277445ad20a1024a90.png", "media/images/Bounding Box Debugger/Images_299_3a450834ca85e207f2d0.png"], "captions": ["1.png", "10.png", "100.png", "101.png", "102.png", "103.png", "104.png", "105.png", "106.png", "107.png", "108.png", "109.png", "11.png", "110.png", "111.png", "112.png"], "all_boxes": [{"predictions": {"_type": "boxes2D", "sha256": "02190dfcfad3535bea2b324f126d1742ea0b055f6f81ea1595b9848c8d13c5cf", "size": 5817, "path": "media/metadata/boxes2D/Bounding Box Debugger/Images_299_02190dfcfad3535bea2b.boxes2D.json"}}, {"predictions": {"_type": "boxes2D", "sha256": "cecafbffa085ff2c9dfda46c65f09b13782a02cbc4db60fabce7f8c9076ef16b", "size": 4634, "path": "media/metadata/boxes2D/Bounding Box Debugger/Images_299_cecafbffa085ff2c9dfd.boxes2D.json"}}, {"predictions": {"_type": "boxes2D", "sha256": "94e15b1b00af0503c764483b486c243547f5ef7cfc276491544396183927a1af", "size": 2795, "path": "media/metadata/boxes2D/Bounding Box Debugger/Images_299_94e15b1b00af0503c764.boxes2D.json"}}, {"predictions": {"_type": "boxes2D", "sha256": "0125eea3a7cdfc4b2da5e0a623cf5bb7aa113000ce8defb70e5290b86dcaa602", "size": 2586, "path": "media/metadata/boxes2D/Bounding Box Debugger/Images_299_0125eea3a7cdfc4b2da5.boxes2D.json"}}, {"predictions": {"_type": "boxes2D", "sha256": "cd3f5e48a12598c5d356cfff0d0c8dda288e614fcf1c4f8f6a3e3ca0ae9bb743", "size": 1196, "path": "media/metadata/boxes2D/Bounding Box Debugger/Images_299_cd3f5e48a12598c5d356.boxes2D.json"}}, {"predictions": {"_type": "boxes2D", "sha256": "0effc4ffb34caf6053f410d1a44b2416c1f19a075c4d45a56467025f13142d6f", "size": 3716, "path": "media/metadata/boxes2D/Bounding Box Debugger/Images_299_0effc4ffb34caf6053f4.boxes2D.json"}}, {"predictions": {"_type": "boxes2D", "sha256": "c01461e1f20ce52e6c580d4ce6db3e005de8bd80f9357b7885c70b39113ed112", "size": 2560, "path": "media/metadata/boxes2D/Bounding Box Debugger/Images_299_c01461e1f20ce52e6c58.boxes2D.json"}}, {"predictions": {"_type": "boxes2D", "sha256": "8b5d2a6be46eb8850d630f4e6754ce47ff00b1ca2d84e7f27e062bde1c710807", "size": 818, "path": "media/metadata/boxes2D/Bounding Box Debugger/Images_299_8b5d2a6be46eb8850d63.boxes2D.json"}}, {"predictions": {"_type": "boxes2D", "sha256": "8be240454424801db70b5ed1b17de76631ef621189569eb99a80c37d65731f8c", "size": 1372, "path": "media/metadata/boxes2D/Bounding Box Debugger/Images_299_8be240454424801db70b.boxes2D.json"}}, {"predictions": {"_type": "boxes2D", "sha256": "c3963107ac6543c81ddd270b06fb9712dae405a833f68b18f80ee9d354aeede7", "size": 1793, "path": "media/metadata/boxes2D/Bounding Box Debugger/Images_299_c3963107ac6543c81ddd.boxes2D.json"}}, {"predictions": {"_type": "boxes2D", "sha256": "736d82cf7b36afb58193219be258778211283c6cc37ba060755242e68e6d517a", "size": 5052, "path": "media/metadata/boxes2D/Bounding Box Debugger/Images_299_736d82cf7b36afb58193.boxes2D.json"}}, {"predictions": {"_type": "boxes2D", "sha256": "2696d08a421fd2fb98eb63960baf1b3a9328d1a1676de483f6b2bee1ff6a0c02", "size": 1565, "path": "media/metadata/boxes2D/Bounding Box Debugger/Images_299_2696d08a421fd2fb98eb.boxes2D.json"}}, {"predictions": {"_type": "boxes2D", "sha256": "a18106de4037e8c17e7038fa697a06ac6860b9c7506da1c01ace477e4f0430f2", "size": 2183, "path": "media/metadata/boxes2D/Bounding Box Debugger/Images_299_a18106de4037e8c17e70.boxes2D.json"}}, {"predictions": {"_type": "boxes2D", "sha256": "955144ab5c6e6330bd7b2575afa5a6203a30461b41b71477c8d9666b7af8d4b0", "size": 5643, "path": "media/metadata/boxes2D/Bounding Box Debugger/Images_299_955144ab5c6e6330bd7b.boxes2D.json"}}, {"predictions": {"_type": "boxes2D", "sha256": "c8e562df358f55fde467ddcbfb0d6b12dac6c4712dcab9a984a398ef86c6cb06", "size": 1411, "path": "media/metadata/boxes2D/Bounding Box Debugger/Images_299_c8e562df358f55fde467.boxes2D.json"}}, {"predictions": {"_type": "boxes2D", "sha256": "b79e5e14351d1077e097c7285a72a8fde22aac684284832c6fd8e8275eb56864", "size": 2920, "path": "media/metadata/boxes2D/Bounding Box Debugger/Images_299_b79e5e14351d1077e097.boxes2D.json"}}]}, "Validation": [], "Results": {"_type": "images/separated", "width": 3000, "height": 1200, "format": "png", "count": 6, "filenames": ["media/images/Results_300_77dc9306d90bfb84898d.png", "media/images/Results_300_c2506cfea7339b6654fe.png", "media/images/Results_300_8c5af9ceaf38c6bea5f5.png", "media/images/Results_300_2ba3cf42f19e78f46ef9.png", "media/images/Results_300_f2b724874bdae55cbcac.png", "media/images/Results_300_cbbcbf9f66789b4d3412.png"], "captions": ["results.png", "confusion_matrix.png", "F1_curve.png", "PR_curve.png", "P_curve.png", "R_curve.png"]}, "_wandb": {"runtime": 6689}}