{"Labels": {"_type": "images/separated", "width": 2000, "height": 2000, "format": "jpg", "count": 2, "filenames": ["media/images/Labels_0_a27e5b7be83e4fa27eb9.jpg", "media/images/Labels_0_994d72671d04c2f13383.jpg"], "captions": ["labels_correlogram.jpg", "labels.jpg"]}, "_timestamp": 1693835753.2630157, "train/box_loss": 0.048664335161447525, "train/obj_loss": 0.006393919698894024, "train/cls_loss": 0.0, "metrics/precision": 0.017956191673874855, "metrics/recall": 0.00026284169871360064, "metrics/mAP_0.5": 0.9263139884692888, "metrics/mAP_0.5:0.95": 0.8648421041898019, "val/box_loss": 0.8965255801125176, "val/obj_loss": 0.41282867572861937, "val/cls_loss": 0.06184902414679527, "x/lr0": 0.010758019052445889, "x/lr1": 0.0, "x/lr2": 0.00010976769428005628, "_runtime": 2277.459877729416, "_step": 100, "Bounding Box Debugger/Images": {"_type": "images/separated", "width": 640, "height": 640, "format": "png", "count": 16, "filenames": ["media/images/Bounding Box Debugger/Images_99_2f15fa027beedfece33f.png", "media/images/Bounding Box Debugger/Images_99_09b1a21dfe487da46bd8.png", "media/images/Bounding Box Debugger/Images_99_f0b7e370299196a3fa5b.png", "media/images/Bounding Box Debugger/Images_99_69e8df1fce1786199c63.png", "media/images/Bounding Box Debugger/Images_99_97c10ca51ff1ac251a73.png", "media/images/Bounding Box Debugger/Images_99_ad461760320feff61cb3.png", "media/images/Bounding Box Debugger/Images_99_45d4e9fa9ad0232e2c26.png", "media/images/Bounding Box Debugger/Images_99_d90672cb8d96927d0ec8.png", "media/images/Bounding Box Debugger/Images_99_49e0eb2fe369981e891e.png", "media/images/Bounding Box Debugger/Images_99_ad260f7a8e95f5677889.png", "media/images/Bounding Box Debugger/Images_99_101e240da022ef317dd9.png", "media/images/Bounding Box Debugger/Images_99_feae110c5a595d38714d.png", "media/images/Bounding Box Debugger/Images_99_502b06d1b1d0b5eac299.png", "media/images/Bounding Box Debugger/Images_99_18fd1a6aee451b01b78b.png", "media/images/Bounding Box Debugger/Images_99_36277445ad20a1024a90.png", "media/images/Bounding Box Debugger/Images_99_3a450834ca85e207f2d0.png"], "captions": ["1.png", "10.png", "100.png", "101.png", "102.png", "103.png", "104.png", "105.png", "106.png", "107.png", "108.png", "109.png", "11.png", "110.png", "111.png", "112.png"], "all_boxes": [{"predictions": {"_type": "boxes2D", "sha256": "3bb1ef45cb3dd99d8ec9a079f0f8b46086b00a457cc1de4ed3ef1d94c9e1d838", "size": 4109, "path": "media/metadata/boxes2D/Bounding Box Debugger/Images_99_3bb1ef45cb3dd99d8ec9.boxes2D.json"}}, {"predictions": {"_type": "boxes2D", "sha256": "38512a448d0f9021898d164314f5e1dfb71d52a09bb239b095293db19b213525", "size": 4605, "path": "media/metadata/boxes2D/Bounding Box Debugger/Images_99_38512a448d0f9021898d.boxes2D.json"}}, {"predictions": {"_type": "boxes2D", "sha256": "6f94429286624f723e0efe10692612abacacc2ecfeaf45c793afc280b71c8235", "size": 2774, "path": "media/metadata/boxes2D/Bounding Box Debugger/Images_99_6f94429286624f723e0e.boxes2D.json"}}, {"predictions": {"_type": "boxes2D", "sha256": "46c72561899817339ad59a0d163008ec2e0bccf1d7cb6736b43853b54c06e00f", "size": 1401, "path": "media/metadata/boxes2D/Bounding Box Debugger/Images_99_46c72561899817339ad5.boxes2D.json"}}, {"predictions": {"_type": "boxes2D", "sha256": "aad698efb7a24ca653035c0b71c18e9e566de6e208293d838cbb36c765e70027", "size": 1204, "path": "media/metadata/boxes2D/Bounding Box Debugger/Images_99_aad698efb7a24ca65303.boxes2D.json"}}, {"predictions": {"_type": "boxes2D", "sha256": "dec5fa29af38927f794a1190c9c3d09047cd1590630a03a59064173554f71e8f", "size": 4295, "path": "media/metadata/boxes2D/Bounding Box Debugger/Images_99_dec5fa29af38927f794a.boxes2D.json"}}, {"predictions": {"_type": "boxes2D", "sha256": "84023160cb281e1b986bc8e6a50087dc0157ad66932b35d24d8f21223d72a03a", "size": 3292, "path": "media/metadata/boxes2D/Bounding Box Debugger/Images_99_84023160cb281e1b986b.boxes2D.json"}}, {"predictions": {"_type": "boxes2D", "sha256": "51a669d3ae303bdf0e4777bc55e5fd5db0dac357ad77e05eb061597e21c765d2", "size": 630, "path": "media/metadata/boxes2D/Bounding Box Debugger/Images_99_51a669d3ae303bdf0e47.boxes2D.json"}}, {"predictions": {"_type": "boxes2D", "sha256": "a0aecbfb1e403ad31f188966ff483e714f63ac8d813658cfa3136e9efedf8def", "size": 1987, "path": "media/metadata/boxes2D/Bounding Box Debugger/Images_99_a0aecbfb1e403ad31f18.boxes2D.json"}}, {"predictions": {"_type": "boxes2D", "sha256": "aec3a05b32a85455c9e6a9287449ac072cbbc6819455049ac63bc9728614ae84", "size": 2359, "path": "media/metadata/boxes2D/Bounding Box Debugger/Images_99_aec3a05b32a85455c9e6.boxes2D.json"}}, {"predictions": {"_type": "boxes2D", "sha256": "cd833d4a289211ee79a1276b4f08cd9a42553a485e983db7cf8b7193bd45f7b3", "size": 4058, "path": "media/metadata/boxes2D/Bounding Box Debugger/Images_99_cd833d4a289211ee79a1.boxes2D.json"}}, {"predictions": {"_type": "boxes2D", "sha256": "abd4ffb4a12dd99b52fda7c64bade57ab2e207f5d183d90ed0e8366b2721d145", "size": 1189, "path": "media/metadata/boxes2D/Bounding Box Debugger/Images_99_abd4ffb4a12dd99b52fd.boxes2D.json"}}, {"predictions": {"_type": "boxes2D", "sha256": "f2623f7471c70009bc0916001cb5550aa3675607c793d22775badd7c5bbb150c", "size": 1571, "path": "media/metadata/boxes2D/Bounding Box Debugger/Images_99_f2623f7471c70009bc09.boxes2D.json"}}, {"predictions": {"_type": "boxes2D", "sha256": "7b884e7844bafc92405d38a7ed9ca229e332e42593c0a7397109e39709337fe5", "size": 5433, "path": "media/metadata/boxes2D/Bounding Box Debugger/Images_99_7b884e7844bafc92405d.boxes2D.json"}}, {"predictions": {"_type": "boxes2D", "sha256": "e76e39a173c1285477f190ad372e1588d033ce7aabf81864be8b139cdea36749", "size": 822, "path": "media/metadata/boxes2D/Bounding Box Debugger/Images_99_e76e39a173c1285477f1.boxes2D.json"}}, {"predictions": {"_type": "boxes2D", "sha256": "b52155a9abc21f2fe28446cd77b5fb7cf7791197f490f861be9123977d4d0d55", "size": 2883, "path": "media/metadata/boxes2D/Bounding Box Debugger/Images_99_b52155a9abc21f2fe284.boxes2D.json"}}]}, "Validation": [], "Results": {"_type": "images/separated", "width": 3000, "height": 1200, "format": "png", "count": 6, "filenames": ["media/images/Results_100_6f8fa13350943e10482e.png", "media/images/Results_100_71b58bae92867cf52201.png", "media/images/Results_100_513219e508dab31d9f46.png", "media/images/Results_100_6cc6d5905c8bf7a8144e.png", "media/images/Results_100_f337132e3c7bde9a040e.png", "media/images/Results_100_852870d68dafa202938a.png"], "captions": ["results.png", "confusion_matrix.png", "F1_curve.png", "PR_curve.png", "P_curve.png", "R_curve.png"]}, "_wandb": {"runtime": 2275}}