{"box_data": [{"position": {"minX": 455.1875, "minY": 263.58984375, "maxX": 474.296875, "maxY": 278.94140625}, "class_id": 0, "box_caption": "%s %.3f", "scores": {"class_score": 267.5}, "domain": "pixel"}, {"position": {"minX": 566.8359375, "minY": 273.18359375, "maxX": 580.7734375, "maxY": 288.23828125}, "class_id": 0, "box_caption": "%s %.3f", "scores": {"class_score": 285.5}, "domain": "pixel"}, {"position": {"minX": 568.34765625, "minY": 268.7421875, "maxX": 583.96484375, "maxY": 285.1328125}, "class_id": 0, "box_caption": "%s %.3f", "scores": {"class_score": 276.75}, "domain": "pixel"}, {"position": {"minX": 444.6484375, "minY": 253.7265625, "maxX": 472.8515625, "maxY": 271.1484375}, "class_id": 0, "box_caption": "%s %.3f", "scores": {"class_score": 255.5}, "domain": "pixel"}], "class_labels": {"0": "Ant"}}