{"box_data": [{"position": {"minX": 170.6640625, "minY": 251.54296875, "maxX": 187.1328125, "maxY": 262.78515625}, "class_id": 0, "box_caption": "%s %.3f", "scores": {"class_score": 255.625}, "domain": "pixel"}, {"position": {"minX": 93.33203125, "minY": 161.671875, "maxX": 108.41796875, "maxY": 172.515625}, "class_id": 0, "box_caption": "%s %.3f", "scores": {"class_score": 166.125}, "domain": "pixel"}, {"position": {"minX": 0.44921875, "minY": 460.2421875, "maxX": 9.44140625, "maxY": 479.9140625}, "class_id": 0, "box_caption": "%s %.3f", "scores": {"class_score": 470.75}, "domain": "pixel"}, {"position": {"minX": 171.9765625, "minY": 248.4921875, "maxX": 190.5546875, "maxY": 260.6328125}, "class_id": 0, "box_caption": "%s %.3f", "scores": {"class_score": 253.25}, "domain": "pixel"}], "class_labels": {"0": "Ant"}}