{"Labels": {"_type": "images/separated", "width": 2000, "height": 2000, "format": "jpg", "count": 2, "filenames": ["media/images/Labels_0_a27e5b7be83e4fa27eb9.jpg", "media/images/Labels_0_994d72671d04c2f13383.jpg"], "captions": ["labels_correlogram.jpg", "labels.jpg"]}, "_timestamp": 1693994350.5614288, "train/box_loss": 0.045936767011880875, "train/obj_loss": 0.005705625284463167, "train/cls_loss": 0.0, "metrics/precision": 0.017823603004217148, "metrics/recall": 0.00026810888084582984, "metrics/mAP_0.5": 0.9194395789696671, "metrics/mAP_0.5:0.95": 0.8692991483613846, "val/box_loss": 0.8972130292976399, "val/obj_loss": 0.41170831399035235, "val/cls_loss": 0.061877209693193436, "x/lr0": 0.011309057474136353, "x/lr1": 0.0, "x/lr2": 0.00010976769428005628, "_runtime": 2268.211237668991, "_step": 100, "Bounding Box Debugger/Images": {"_type": "images/separated", "width": 640, "height": 640, "format": "png", "count": 16, "filenames": ["media/images/Bounding Box Debugger/Images_99_feae110c5a595d38714d.png", "media/images/Bounding Box Debugger/Images_99_2eddc896d8e2f91355e6.png", "media/images/Bounding Box Debugger/Images_99_5f4c16695530e21e20ff.png", "media/images/Bounding Box Debugger/Images_99_eecde54e3233699478db.png", "media/images/Bounding Box Debugger/Images_99_de24e7f4a80ca117a70b.png", "media/images/Bounding Box Debugger/Images_99_2a2f50d622ecdf136c06.png", "media/images/Bounding Box Debugger/Images_99_69bc489dccc6a95ad451.png", "media/images/Bounding Box Debugger/Images_99_453315161a5e0b694f82.png", "media/images/Bounding Box Debugger/Images_99_7eb78d31df4f20a7832f.png", "media/images/Bounding Box Debugger/Images_99_98bc44b162a24cdb2be2.png", "media/images/Bounding Box Debugger/Images_99_c1e730b63e8073083873.png", "media/images/Bounding Box Debugger/Images_99_a234a9091c6cf1458275.png", "media/images/Bounding Box Debugger/Images_99_2141133f7eeaf8bc162f.png", "media/images/Bounding Box Debugger/Images_99_97c10ca51ff1ac251a73.png", "media/images/Bounding Box Debugger/Images_99_3a450834ca85e207f2d0.png", "media/images/Bounding Box Debugger/Images_99_9dec757445fae3dd510b.png"], "captions": ["109.png", "14.png", "73.png", "68.png", "16.png", "52.png", "113.png", "23.png", "47.png", "56.png", "40.png", "117.png", "79.png", "102.png", "112.png", "27.png"], "all_boxes": [{"predictions": {"_type": "boxes2D", "sha256": "a9c49f2435d3dc220397e789d2cf70896dc831b9029a5d8aafb8c3f930e5c896", "size": 1211, "path": "media/metadata/boxes2D/Bounding Box Debugger/Images_99_a9c49f2435d3dc220397.boxes2D.json"}}, {"predictions": {"_type": "boxes2D", "sha256": "c49874a4fd007614b4381fbccff7f6d3404f64c55d240791ea63558a45df9a28", "size": 3842, "path": "media/metadata/boxes2D/Bounding Box Debugger/Images_99_c49874a4fd007614b438.boxes2D.json"}}, {"predictions": {"_type": "boxes2D", "sha256": "25924848c7148da48e31a315adea3f54e644d28026f268303d3225cf5cad64b7", "size": 5061, "path": "media/metadata/boxes2D/Bounding Box Debugger/Images_99_25924848c7148da48e31.boxes2D.json"}}, {"predictions": {"_type": "boxes2D", "sha256": "b2873dd2423645caede500e6e4a07d655920be6a7815f0b9c65d281c7c207459", "size": 634, "path": "media/metadata/boxes2D/Bounding Box Debugger/Images_99_b2873dd2423645caede5.boxes2D.json"}}, {"predictions": {"_type": "boxes2D", "sha256": "c3bce906abcd717ea5d1ca6ae6852a4a2e7ba32586bb311cea6d6816da9feb8a", "size": 1746, "path": "media/metadata/boxes2D/Bounding Box Debugger/Images_99_c3bce906abcd717ea5d1.boxes2D.json"}}, {"predictions": {"_type": "boxes2D", "sha256": "f6836b4f174ed2d51271967b605b690b3ec9ace9ca34fe3137a71f96d3941541", "size": 1951, "path": "media/metadata/boxes2D/Bounding Box Debugger/Images_99_f6836b4f174ed2d51271.boxes2D.json"}}, {"predictions": {"_type": "boxes2D", "sha256": "fabd1a1a38d31189762cf2b3f9634ab55d0424cbf51502ffca8eb7afc970395d", "size": 1017, "path": "media/metadata/boxes2D/Bounding Box Debugger/Images_99_fabd1a1a38d31189762c.boxes2D.json"}}, {"predictions": {"_type": "boxes2D", "sha256": "ad94aacb66f081c48bf2ef63a08f382585c819fbd168cf60eedd9fe49df014a4", "size": 800, "path": "media/metadata/boxes2D/Bounding Box Debugger/Images_99_ad94aacb66f081c48bf2.boxes2D.json"}}, {"predictions": {"_type": "boxes2D", "sha256": "489f96c51df79c9f888632d7feb6c84cb81188e1899fccc4b9382133ed0cec34", "size": 1008, "path": "media/metadata/boxes2D/Bounding Box Debugger/Images_99_489f96c51df79c9f8886.boxes2D.json"}}, {"predictions": {"_type": "boxes2D", "sha256": "8c08b9888c2843bd001d3f5a717ebaa2494c2ae4e381f8e7d69aed0e926f0ddb", "size": 2550, "path": "media/metadata/boxes2D/Bounding Box Debugger/Images_99_8c08b9888c2843bd001d.boxes2D.json"}}, {"predictions": {"_type": "boxes2D", "sha256": "1166e3048fdb9f6940b1aae42caa5367c43a71960a15c3c429f32e0216958a90", "size": 2584, "path": "media/metadata/boxes2D/Bounding Box Debugger/Images_99_1166e3048fdb9f6940b1.boxes2D.json"}}, {"predictions": {"_type": "boxes2D", "sha256": "df9591a2fa440c1d820febfbc969d2a9080c41f6a4d82dbee1a78c9e4ac677a9", "size": 2732, "path": "media/metadata/boxes2D/Bounding Box Debugger/Images_99_df9591a2fa440c1d820f.boxes2D.json"}}, {"predictions": {"_type": "boxes2D", "sha256": "e262e6fb5684453b97de46871b988a9d7633b94cecc87cddc9195ec1b57f0bc9", "size": 2756, "path": "media/metadata/boxes2D/Bounding Box Debugger/Images_99_e262e6fb5684453b97de.boxes2D.json"}}, {"predictions": {"_type": "boxes2D", "sha256": "48031d1ab303cebc3ce177fad8041771f5ff3af9d7b37cd8b07805547c528005", "size": 1204, "path": "media/metadata/boxes2D/Bounding Box Debugger/Images_99_48031d1ab303cebc3ce1.boxes2D.json"}}, {"predictions": {"_type": "boxes2D", "sha256": "42e7d27e42394f0a4afad4d1693f51e67bef5814a3b76e0af06741e36e90f430", "size": 1788, "path": "media/metadata/boxes2D/Bounding Box Debugger/Images_99_42e7d27e42394f0a4afa.boxes2D.json"}}, {"predictions": {"_type": "boxes2D", "sha256": "9d8dbd8484632e58823de9f2679c2e4d303d8c122fd7180a26395e99c0d9ab0b", "size": 1576, "path": "media/metadata/boxes2D/Bounding Box Debugger/Images_99_9d8dbd8484632e58823d.boxes2D.json"}}]}, "Validation": [], "Results": {"_type": "images/separated", "width": 3000, "height": 1200, "format": "png", "count": 6, "filenames": ["media/images/Results_100_b89fac001b6c69c4edb1.png", "media/images/Results_100_271526ba98f474bbaee2.png", "media/images/Results_100_632ce21d5815f5ded2a5.png", "media/images/Results_100_301c99ad193915ebde65.png", "media/images/Results_100_d0146ed8f666c4763f45.png", "media/images/Results_100_2ebbb690d568991acad0.png"], "captions": ["results.png", "confusion_matrix.png", "F1_curve.png", "PR_curve.png", "P_curve.png", "R_curve.png"]}, "_wandb": {"runtime": 2266}}