{"Labels": {"_type": "images/separated", "width": 2000, "height": 2000, "format": "jpg", "count": 2, "filenames": ["media/images/Labels_0_119089d4d8c72d6f449f.jpg", "media/images/Labels_0_97fee9698d61b83f5641.jpg"], "captions": ["labels_correlogram.jpg", "labels.jpg"]}, "_timestamp": 1693922372.2558231, "train/box_loss": 0.05056629702448845, "train/obj_loss": 0.012553811073303223, "train/cls_loss": 0.0, "metrics/precision": NaN, "metrics/recall": 0.0025864304043352604, "metrics/mAP_0.5": 0.17466479205848306, "metrics/mAP_0.5:0.95": 0.2793427230046948, "val/box_loss": 0.13959258461063873, "val/obj_loss": 0.03791602216081606, "val/cls_loss": 0.04777263477444649, "x/lr0": 0.011246496811509132, "x/lr1": 0.0, "x/lr2": 0.0002013267908001526, "_runtime": 1163.624558210373, "_step": 31, "Bounding Box Debugger/Images": {"_type": "images/separated", "width": 640, "height": 640, "format": "png", "count": 16, "filenames": ["media/images/Bounding Box Debugger/Images_29_06e11d0392652dc4966a.png", "media/images/Bounding Box Debugger/Images_29_930f40882cc12f95912e.png", "media/images/Bounding Box Debugger/Images_29_2a627f1296748bee5961.png", "media/images/Bounding Box Debugger/Images_29_0628575b716b07ae0aff.png", "media/images/Bounding Box Debugger/Images_29_a6794d853981a73928fb.png", "media/images/Bounding Box Debugger/Images_29_3770bfdcb18b8d4a918e.png", "media/images/Bounding Box Debugger/Images_29_d1353eeda28c39c846b7.png", "media/images/Bounding Box Debugger/Images_29_d4de35ab9cfe73707875.png", "media/images/Bounding Box Debugger/Images_29_5c79e9e088b0ed9213fd.png", "media/images/Bounding Box Debugger/Images_29_a4d4e3e65fa239f343d6.png", "media/images/Bounding Box Debugger/Images_29_a518adc4a8f8fc173847.png", "media/images/Bounding Box Debugger/Images_29_59e12293111dca7a8cb3.png", "media/images/Bounding Box Debugger/Images_29_83fa048709215a02aed0.png", "media/images/Bounding Box Debugger/Images_29_132ca09bd8236c7df21b.png", "media/images/Bounding Box Debugger/Images_29_5797acf0fa9c05cab7cb.png", "media/images/Bounding Box Debugger/Images_29_44c97cb623e4606748a1.png"], "captions": ["64.png", "91.png", "69.png", "8.png", "78.png", "47.png", "31.png", "96.png", "27.png", "62.png", "111.png", "88.png", "102.png", "2.png", "73.png", "104.png"], "all_boxes": [{"predictions": {"_type": "boxes2D", "sha256": "234e5cd7b3542121cbe1af7a28228ccb4f3174e6c0f59629190987a1d022f2c5", "size": 57911, "path": "media/metadata/boxes2D/Bounding Box Debugger/Images_29_234e5cd7b3542121cbe1.boxes2D.json"}}, {"predictions": {"_type": "boxes2D", "sha256": "530b2b411d5024b03222f930f531d7cec219ea32268ec677d68386b4669ce982", "size": 52111, "path": "media/metadata/boxes2D/Bounding Box Debugger/Images_29_530b2b411d5024b03222.boxes2D.json"}}, {"predictions": {"_type": "boxes2D", "sha256": "979a7a3af111b1998bc954dd8973ebddf9600d7b412e105dbb07b040999c53cc", "size": 52501, "path": "media/metadata/boxes2D/Bounding Box Debugger/Images_29_979a7a3af111b1998bc9.boxes2D.json"}}, {"predictions": {"_type": "boxes2D", "sha256": "d94c8c96edef5e91df8ec4ef7f37b7598b7949d28ba0f3eb78e8e3e9b954622b", "size": 56994, "path": "media/metadata/boxes2D/Bounding Box Debugger/Images_29_d94c8c96edef5e91df8e.boxes2D.json"}}, {"predictions": {"_type": "boxes2D", "sha256": "72ed403db266ac48e38e519c69803859e8c17d715839287078c937ab50e5067e", "size": 57865, "path": "media/metadata/boxes2D/Bounding Box Debugger/Images_29_72ed403db266ac48e38e.boxes2D.json"}}, {"predictions": {"_type": "boxes2D", "sha256": "021c519e0e7991b8dd45294f44ff0d6f664105f9bd8de44f618081661c92f5d3", "size": 49714, "path": "media/metadata/boxes2D/Bounding Box Debugger/Images_29_021c519e0e7991b8dd45.boxes2D.json"}}, {"predictions": {"_type": "boxes2D", "sha256": "7107bf2dfcd552e3d10451e77316a5ba6bed57a861238fd12ea4884e20ee345d", "size": 57865, "path": "media/metadata/boxes2D/Bounding Box Debugger/Images_29_7107bf2dfcd552e3d104.boxes2D.json"}}, {"predictions": {"_type": "boxes2D", "sha256": "c3b46e026a69d1f9b409ea2f62b8e12735862da177c3e3e0c9afbd0eac612266", "size": 58169, "path": "media/metadata/boxes2D/Bounding Box Debugger/Images_29_c3b46e026a69d1f9b409.boxes2D.json"}}, {"predictions": {"_type": "boxes2D", "sha256": "ae28825c7a6ee03bdece06bd399f1e8c0ea5840eafffb03449641cc2cbb83ef2", "size": 58195, "path": "media/metadata/boxes2D/Bounding Box Debugger/Images_29_ae28825c7a6ee03bdece.boxes2D.json"}}, {"predictions": {"_type": "boxes2D", "sha256": "8a7c6d9c86b9a4375d36d788a974f6090adfcae019d8bdb084cd91ec3daa5a99", "size": 56194, "path": "media/metadata/boxes2D/Bounding Box Debugger/Images_29_8a7c6d9c86b9a4375d36.boxes2D.json"}}, {"predictions": {"_type": "boxes2D", "sha256": "7b6da2c51b948c94a236b862cd9a331d899e395620d2d686ae93ac0f1452ead0", "size": 53062, "path": "media/metadata/boxes2D/Bounding Box Debugger/Images_29_7b6da2c51b948c94a236.boxes2D.json"}}, {"predictions": {"_type": "boxes2D", "sha256": "6068958de379cb52bcdbbfcfad2872a440a06fcc2c1dade6a3ca24cb5f2dd037", "size": 57949, "path": "media/metadata/boxes2D/Bounding Box Debugger/Images_29_6068958de379cb52bcdb.boxes2D.json"}}, {"predictions": {"_type": "boxes2D", "sha256": "826a09e75913c2ba371167912ffe4769d97f5d71337f61263f94753c30c0ba6b", "size": 57208, "path": "media/metadata/boxes2D/Bounding Box Debugger/Images_29_826a09e75913c2ba3711.boxes2D.json"}}, {"predictions": {"_type": "boxes2D", "sha256": "7676170abc1cef9478e570f1b9e7870e5b76ea30e827ecdceb2682cd4611d778", "size": 57850, "path": "media/metadata/boxes2D/Bounding Box Debugger/Images_29_7676170abc1cef9478e5.boxes2D.json"}}, {"predictions": {"_type": "boxes2D", "sha256": "7e67c878c844b2376c88af21e67e10787d11a4449cbe89599a408ccfae8629b1", "size": 58032, "path": "media/metadata/boxes2D/Bounding Box Debugger/Images_29_7e67c878c844b2376c88.boxes2D.json"}}, {"predictions": {"_type": "boxes2D", "sha256": "986b763ebf18fd08aefc0651a2203f56994aa62f94c7d2086a1e8faf83be6298", "size": 58018, "path": "media/metadata/boxes2D/Bounding Box Debugger/Images_29_986b763ebf18fd08aefc.boxes2D.json"}}]}, "Validation": [], "Results": {"_type": "images/separated", "width": 3000, "height": 1200, "format": "png", "count": 6, "filenames": ["media/images/Results_31_d1bdd99fbca6efd8b75f.png", "media/images/Results_31_bf5c9dd32b29f8fa1dd5.png", "media/images/Results_31_335d9b367a02d6749199.png", "media/images/Results_31_1fc6da83b8bd4803834d.png", "media/images/Results_31_b67a1f99cea4e648f123.png", "media/images/Results_31_9f2736d4c0a234323cba.png"], "captions": ["results.png", "confusion_matrix.png", "F1_curve.png", "PR_curve.png", "P_curve.png", "R_curve.png"]}, "_wandb": {"runtime": 1162}}