{"box_data": [{"position": {"minX": 602.51953125, "minY": 284.65234375, "maxX": 618.01171875, "maxY": 300.33203125}, "class_id": 0, "box_caption": "%s %.3f", "scores": {"class_score": 287.75}, "domain": "pixel"}, {"position": {"minX": 567.69921875, "minY": 273.96484375, "maxX": 578.73828125, "maxY": 288.03515625}, "class_id": 0, "box_caption": "%s %.3f", "scores": {"class_score": 285.0}, "domain": "pixel"}, {"position": {"minX": 585.2578125, "minY": 269.046875, "maxX": 613.6796875, "maxY": 285.578125}, "class_id": 0, "box_caption": "%s %.3f", "scores": {"class_score": 272.75}, "domain": "pixel"}], "class_labels": {"0": "Ant"}}