{"box_data": [{"position": {"minX": 339.6875, "minY": 222.53515625, "maxX": 357.9375, "maxY": 235.70703125}, "class_id": 0, "box_caption": "%s %.3f", "scores": {"class_score": 226.25}, "domain": "pixel"}, {"position": {"minX": 567.36328125, "minY": 273.37109375, "maxX": 577.37109375, "maxY": 287.84765625}, "class_id": 0, "box_caption": "%s %.3f", "scores": {"class_score": 285.5}, "domain": "pixel"}, {"position": {"minX": 635.892578125, "minY": 342.3515625, "maxX": 639.982421875, "maxY": 358.4609375}, "class_id": 0, "box_caption": "%s %.3f", "scores": {"class_score": 352.0}, "domain": "pixel"}, {"position": {"minX": 635.36328125, "minY": 344.9921875, "maxX": 640.19921875, "maxY": 364.0078125}, "class_id": 0, "box_caption": "%s %.3f", "scores": {"class_score": 351.0}, "domain": "pixel"}], "class_labels": {"0": "Ant"}}