{"box_data": [{"position": {"minX": 339.625, "minY": 223.0234375, "maxX": 357.875, "maxY": 235.6328125}, "class_id": 0, "box_caption": "%s %.3f", "scores": {"class_score": 225.5}, "domain": "pixel"}, {"position": {"minX": 567.28515625, "minY": 273.58203125, "maxX": 577.27734375, "maxY": 287.78515625}, "class_id": 0, "box_caption": "%s %.3f", "scores": {"class_score": 285.5}, "domain": "pixel"}, {"position": {"minX": 636.3310546875, "minY": 342.9765625, "maxX": 640.3251953125, "maxY": 358.4921875}, "class_id": 0, "box_caption": "%s %.3f", "scores": {"class_score": 350.0}, "domain": "pixel"}, {"position": {"minX": 635.23828125, "minY": 345.578125, "maxX": 640.32421875, "maxY": 362.296875}, "class_id": 0, "box_caption": "%s %.3f", "scores": {"class_score": 349.5}, "domain": "pixel"}], "class_labels": {"0": "Ant"}}