{"box_data": [{"position": {"minX": 567.37890625, "minY": 274.28515625, "maxX": 578.60546875, "maxY": 288.08984375}, "class_id": 0, "box_caption": "%s %.3f", "scores": {"class_score": 285.5}, "domain": "pixel"}, {"position": {"minX": 585.2890625, "minY": 269.94921875, "maxX": 596.6015625, "maxY": 282.01953125}, "class_id": 0, "box_caption": "%s %.3f", "scores": {"class_score": 272.75}, "domain": "pixel"}, {"position": {"minX": 571.2109375, "minY": 272.546875, "maxX": 581.5234375, "maxY": 286.28125}, "class_id": 0, "box_caption": "%s %.3f", "scores": {"class_score": 283.25}, "domain": "pixel"}, {"position": {"minX": 585.46484375, "minY": 265.10546875, "maxX": 595.19140625, "maxY": 276.95703125}, "class_id": 0, "box_caption": "%s %.3f", "scores": {"class_score": 272.0}, "domain": "pixel"}], "class_labels": {"0": "Ant"}}