{"box_data": [{"position": {"minX": 269.77734375, "minY": 320.09765625, "maxX": 285.56640625, "maxY": 331.62109375}, "class_id": 0, "box_caption": "%s %.3f", "scores": {"class_score": 323.5}, "domain": "pixel"}, {"position": {"minX": 368.296875, "minY": 281.5703125, "maxX": 380.265625, "maxY": 296.7421875}, "class_id": 0, "box_caption": "%s %.3f", "scores": {"class_score": 284.25}, "domain": "pixel"}, {"position": {"minX": 451.71875, "minY": 172.36328125, "maxX": 462.8984375, "maxY": 180.07421875}, "class_id": 0, "box_caption": "%s %.3f", "scores": {"class_score": 173.75}, "domain": "pixel"}, {"position": {"minX": 368.9140625, "minY": 277.7421875, "maxX": 379.9609375, "maxY": 293.5078125}, "class_id": 0, "box_caption": "%s %.3f", "scores": {"class_score": 276.5}, "domain": "pixel"}], "class_labels": {"0": "Ant"}}