{"box_data": [{"position": {"minX": 422.998046875, "minY": 270.18359375, "maxX": 438.693359375, "maxY": 284.17578125}, "class_id": 0, "box_caption": "%s %.3f", "scores": {"class_score": 278.75}, "domain": "pixel"}, {"position": {"minX": 0.806640625, "minY": 460.4921875, "maxX": 7.912109375, "maxY": 478.0078125}, "class_id": 0, "box_caption": "%s %.3f", "scores": {"class_score": 467.5}, "domain": "pixel"}, {"position": {"minX": 7.234375, "minY": 447.7109375, "maxX": 24.828125, "maxY": 475.1640625}, "class_id": 0, "box_caption": "%s %.3f", "scores": {"class_score": 461.5}, "domain": "pixel"}, {"position": {"minX": 635.666015625, "minY": 511.265625, "maxX": 639.802734375, "maxY": 535.734375}, "class_id": 0, "box_caption": "%s %.3f", "scores": {"class_score": 516.0}, "domain": "pixel"}], "class_labels": {"0": "Ant"}}